image_paths,labels
c:\Users\hongquan\Documents\GitHub\agri-crop-classification\agri-crop-classification-main\data\Agricultural-crops\Pearl_millet(bajra)\image (32).jpg,Pearl_millet(bajra)
c:\Users\hongquan\Documents\GitHub\agri-crop-classification\agri-crop-classification-main\data\Agricultural-crops\sunflower\image (1).jpg,sunflower
c:\Users\hongquan\Documents\GitHub\agri-crop-classification\agri-crop-classification-main\data\Agricultural-crops\banana\image (2).jpg,banana
c:\Users\hongquan\Documents\GitHub\agri-crop-classification\agri-crop-classification-main\data\Agricultural-crops\papaya\image (22).jpg,papaya
c:\Users\hongquan\Documents\GitHub\agri-crop-classification\agri-crop-classification-main\data\Agricultural-crops\coconut\image (5).jpeg,coconut
c:\Users\hongquan\Documents\GitHub\agri-crop-classification\agri-crop-classification-main\data\Agricultural-crops\pineapple\image (16).jpg,pineapple
c:\Users\hongquan\Documents\GitHub\agri-crop-classification\agri-crop-classification-main\data\Agricultural-crops\clove\images37.jpg,clove
c:\Users\hongquan\Documents\GitHub\agri-crop-classification\agri-crop-classification-main\data\Agricultural-crops\papaya\image (1).jpeg,papaya
c:\Users\hongquan\Documents\GitHub\agri-crop-classification\agri-crop-classification-main\data\Agricultural-crops\Olive-tree\image (7).jpeg,Olive-tree
c:\Users\hongquan\Documents\GitHub\agri-crop-classification\agri-crop-classification-main\data\Agricultural-crops\Cherry\images42.jpg,Cherry
c:\Users\hongquan\Documents\GitHub\agri-crop-classification\agri-crop-classification-main\data\Agricultural-crops\tea\image30.jpeg,tea
c:\Users\hongquan\Documents\GitHub\agri-crop-classification\agri-crop-classification-main\data\Agricultural-crops\Fox_nut(Makhana)\image19.jpeg,Fox_nut(Makhana)
c:\Users\hongquan\Documents\GitHub\agri-crop-classification\agri-crop-classification-main\data\Agricultural-crops\rice\image (12).jpeg,rice
c:\Users\hongquan\Documents\GitHub\agri-crop-classification\agri-crop-classification-main\data\Agricultural-crops\maize\image (13).jpg,maize
c:\Users\hongquan\Documents\GitHub\agri-crop-classification\agri-crop-classification-main\data\Agricultural-crops\papaya\image (13).jpg,papaya
c:\Users\hongquan\Documents\GitHub\agri-crop-classification\agri-crop-classification-main\data\Agricultural-crops\Cherry\image22.jpeg,Cherry
c:\Users\hongquan\Documents\GitHub\agri-crop-classification\agri-crop-classification-main\data\Agricultural-crops\rice\image (10).jpeg,rice
c:\Users\hongquan\Documents\GitHub\agri-crop-classification\agri-crop-classification-main\data\Agricultural-crops\maize\image (12).jpg,maize
c:\Users\hongquan\Documents\GitHub\agri-crop-classification\agri-crop-classification-main\data\Agricultural-crops\cardamom\image (5).jpeg,cardamom
c:\Users\hongquan\Documents\GitHub\agri-crop-classification\agri-crop-classification-main\data\Agricultural-crops\jowar\image (3).jpeg,jowar
c:\Users\hongquan\Documents\GitHub\agri-crop-classification\agri-crop-classification-main\data\Agricultural-crops\cardamom\image (3).jpg,cardamom
c:\Users\hongquan\Documents\GitHub\agri-crop-classification\agri-crop-classification-main\data\Agricultural-crops\coconut\image (4).jpeg,coconut
c:\Users\hongquan\Documents\GitHub\agri-crop-classification\agri-crop-classification-main\data\Agricultural-crops\Tobacco-plant\images24.jpg,Tobacco-plant
c:\Users\hongquan\Documents\GitHub\agri-crop-classification\agri-crop-classification-main\data\Agricultural-crops\sugarcane\image (4).jpg,sugarcane
c:\Users\hongquan\Documents\GitHub\agri-crop-classification\agri-crop-classification-main\data\Agricultural-crops\rice\image (14).jpg,rice
c:\Users\hongquan\Documents\GitHub\agri-crop-classification\agri-crop-classification-main\data\Agricultural-crops\sugarcane\image (22).jpg,sugarcane
c:\Users\hongquan\Documents\GitHub\agri-crop-classification\agri-crop-classification-main\data\Agricultural-crops\sunflower\image (4).jpg,sunflower
c:\Users\hongquan\Documents\GitHub\agri-crop-classification\agri-crop-classification-main\data\Agricultural-crops\maize\image (2).jpg,maize
c:\Users\hongquan\Documents\GitHub\agri-crop-classification\agri-crop-classification-main\data\Agricultural-crops\sugarcane\image (4).jpeg,sugarcane
c:\Users\hongquan\Documents\GitHub\agri-crop-classification\agri-crop-classification-main\data\Agricultural-crops\tomato\image (1).jpg,tomato
c:\Users\hongquan\Documents\GitHub\agri-crop-classification\agri-crop-classification-main\data\Agricultural-crops\almond\image (18).jpg,almond
c:\Users\hongquan\Documents\GitHub\agri-crop-classification\agri-crop-classification-main\data\Agricultural-crops\clove\images52.jpg,clove
c:\Users\hongquan\Documents\GitHub\agri-crop-classification\agri-crop-classification-main\data\Agricultural-crops\cotton\image (12).jpg,cotton
c:\Users\hongquan\Documents\GitHub\agri-crop-classification\agri-crop-classification-main\data\Agricultural-crops\mustard-oil\image (9).jpg,mustard-oil
c:\Users\hongquan\Documents\GitHub\agri-crop-classification\agri-crop-classification-main\data\Agricultural-crops\tea\image20.jpeg,tea
c:\Users\hongquan\Documents\GitHub\agri-crop-classification\agri-crop-classification-main\data\Agricultural-crops\Tobacco-plant\image12.jpeg,Tobacco-plant
c:\Users\hongquan\Documents\GitHub\agri-crop-classification\agri-crop-classification-main\data\Agricultural-crops\banana\image (23).jpg,banana
c:\Users\hongquan\Documents\GitHub\agri-crop-classification\agri-crop-classification-main\data\Agricultural-crops\tea\image12.jpeg,tea
c:\Users\hongquan\Documents\GitHub\agri-crop-classification\agri-crop-classification-main\data\Agricultural-crops\mustard-oil\image (7).jpg,mustard-oil
c:\Users\hongquan\Documents\GitHub\agri-crop-classification\agri-crop-classification-main\data\Agricultural-crops\maize\image (5).jpeg,maize
c:\Users\hongquan\Documents\GitHub\agri-crop-classification\agri-crop-classification-main\data\Agricultural-crops\mustard-oil\image (3).jpeg,mustard-oil
c:\Users\hongquan\Documents\GitHub\agri-crop-classification\agri-crop-classification-main\data\Agricultural-crops\Cherry\image30.jpeg,Cherry
c:\Users\hongquan\Documents\GitHub\agri-crop-classification\agri-crop-classification-main\data\Agricultural-crops\jowar\image (10).jpeg,jowar
c:\Users\hongquan\Documents\GitHub\agri-crop-classification\agri-crop-classification-main\data\Agricultural-crops\tea\images2.jpg,tea
c:\Users\hongquan\Documents\GitHub\agri-crop-classification\agri-crop-classification-main\data\Agricultural-crops\Coffee-plant\images61.jpg,Coffee-plant
c:\Users\hongquan\Documents\GitHub\agri-crop-classification\agri-crop-classification-main\data\Agricultural-crops\coconut\image (25).jpg,coconut
c:\Users\hongquan\Documents\GitHub\agri-crop-classification\agri-crop-classification-main\data\Agricultural-crops\Fox_nut(Makhana)\image32.jpeg,Fox_nut(Makhana)
c:\Users\hongquan\Documents\GitHub\agri-crop-classification\agri-crop-classification-main\data\Agricultural-crops\soyabean\imaage (2).jpg,soyabean
c:\Users\hongquan\Documents\GitHub\agri-crop-classification\agri-crop-classification-main\data\Agricultural-crops\coconut\image (19).jpg,coconut
c:\Users\hongquan\Documents\GitHub\agri-crop-classification\agri-crop-classification-main\data\Agricultural-crops\vigna-radiati(Mung)\image (23).jpg,vigna-radiati(Mung)
c:\Users\hongquan\Documents\GitHub\agri-crop-classification\agri-crop-classification-main\data\Agricultural-crops\gram\image (2).jpg,gram
c:\Users\hongquan\Documents\GitHub\agri-crop-classification\agri-crop-classification-main\data\Agricultural-crops\chilli\image10.jpeg,chilli
c:\Users\hongquan\Documents\GitHub\agri-crop-classification\agri-crop-classification-main\data\Agricultural-crops\jute\image (4).jpg,jute
c:\Users\hongquan\Documents\GitHub\agri-crop-classification\agri-crop-classification-main\data\Agricultural-crops\tomato\image (12).jpeg,tomato
c:\Users\hongquan\Documents\GitHub\agri-crop-classification\agri-crop-classification-main\data\Agricultural-crops\maize\image (14).jpg,maize
c:\Users\hongquan\Documents\GitHub\agri-crop-classification\agri-crop-classification-main\data\Agricultural-crops\Cherry\images17.jpg,Cherry
c:\Users\hongquan\Documents\GitHub\agri-crop-classification\agri-crop-classification-main\data\Agricultural-crops\gram\image (3).jpeg,gram
c:\Users\hongquan\Documents\GitHub\agri-crop-classification\agri-crop-classification-main\data\Agricultural-crops\Lemon\images20.jpg,Lemon
c:\Users\hongquan\Documents\GitHub\agri-crop-classification\agri-crop-classification-main\data\Agricultural-crops\clove\images10.jpg,clove
c:\Users\hongquan\Documents\GitHub\agri-crop-classification\agri-crop-classification-main\data\Agricultural-crops\Pearl_millet(bajra)\image (76).jpg,Pearl_millet(bajra)
c:\Users\hongquan\Documents\GitHub\agri-crop-classification\agri-crop-classification-main\data\Agricultural-crops\soyabean\imaage (26).jpg,soyabean
c:\Users\hongquan\Documents\GitHub\agri-crop-classification\agri-crop-classification-main\data\Agricultural-crops\mustard-oil\image (5).jpeg,mustard-oil
c:\Users\hongquan\Documents\GitHub\agri-crop-classification\agri-crop-classification-main\data\Agricultural-crops\coconut\image (5).jpg,coconut
c:\Users\hongquan\Documents\GitHub\agri-crop-classification\agri-crop-classification-main\data\Agricultural-crops\Cherry\image18.jpeg,Cherry
c:\Users\hongquan\Documents\GitHub\agri-crop-classification\agri-crop-classification-main\data\Agricultural-crops\Cherry\images19.jpg,Cherry
c:\Users\hongquan\Documents\GitHub\agri-crop-classification\agri-crop-classification-main\data\Agricultural-crops\sunflower\image (1).png,sunflower
c:\Users\hongquan\Documents\GitHub\agri-crop-classification\agri-crop-classification-main\data\Agricultural-crops\sunflower\image (31).jpg,sunflower
c:\Users\hongquan\Documents\GitHub\agri-crop-classification\agri-crop-classification-main\data\Agricultural-crops\jute\image (7).jpg,jute
c:\Users\hongquan\Documents\GitHub\agri-crop-classification\agri-crop-classification-main\data\Agricultural-crops\jowar\image (8).jpeg,jowar
c:\Users\hongquan\Documents\GitHub\agri-crop-classification\agri-crop-classification-main\data\Agricultural-crops\Cherry\image31.jpeg,Cherry
c:\Users\hongquan\Documents\GitHub\agri-crop-classification\agri-crop-classification-main\data\Agricultural-crops\maize\image (26).jpg,maize
c:\Users\hongquan\Documents\GitHub\agri-crop-classification\agri-crop-classification-main\data\Agricultural-crops\cardamom\image (2).jpeg,cardamom
c:\Users\hongquan\Documents\GitHub\agri-crop-classification\agri-crop-classification-main\data\Agricultural-crops\papaya\image (12).jpg,papaya
c:\Users\hongquan\Documents\GitHub\agri-crop-classification\agri-crop-classification-main\data\Agricultural-crops\soyabean\imaage (27).jpg,soyabean
c:\Users\hongquan\Documents\GitHub\agri-crop-classification\agri-crop-classification-main\data\Agricultural-crops\Lemon\images10.jpg,Lemon
c:\Users\hongquan\Documents\GitHub\agri-crop-classification\agri-crop-classification-main\data\Agricultural-crops\cardamom\image (14).jpeg,cardamom
c:\Users\hongquan\Documents\GitHub\agri-crop-classification\agri-crop-classification-main\data\Agricultural-crops\sugarcane\image (14).jpg,sugarcane
c:\Users\hongquan\Documents\GitHub\agri-crop-classification\agri-crop-classification-main\data\Agricultural-crops\cotton\image (9).jpg,cotton
c:\Users\hongquan\Documents\GitHub\agri-crop-classification\agri-crop-classification-main\data\Agricultural-crops\papaya\image (15).jpg,papaya
c:\Users\hongquan\Documents\GitHub\agri-crop-classification\agri-crop-classification-main\data\Agricultural-crops\Pearl_millet(bajra)\image (13).jpg,Pearl_millet(bajra)
c:\Users\hongquan\Documents\GitHub\agri-crop-classification\agri-crop-classification-main\data\Agricultural-crops\wheat\image (6).jpg,wheat
c:\Users\hongquan\Documents\GitHub\agri-crop-classification\agri-crop-classification-main\data\Agricultural-crops\coconut\image (26).jpg,coconut
c:\Users\hongquan\Documents\GitHub\agri-crop-classification\agri-crop-classification-main\data\Agricultural-crops\Olive-tree\image (4).jpg,Olive-tree
c:\Users\hongquan\Documents\GitHub\agri-crop-classification\agri-crop-classification-main\data\Agricultural-crops\vigna-radiati(Mung)\image (27).jpg,vigna-radiati(Mung)
c:\Users\hongquan\Documents\GitHub\agri-crop-classification\agri-crop-classification-main\data\Agricultural-crops\cotton\image (39).jpg,cotton
c:\Users\hongquan\Documents\GitHub\agri-crop-classification\agri-crop-classification-main\data\Agricultural-crops\chilli\image30.jpeg,chilli
c:\Users\hongquan\Documents\GitHub\agri-crop-classification\agri-crop-classification-main\data\Agricultural-crops\sunflower\image (27).jpg,sunflower
c:\Users\hongquan\Documents\GitHub\agri-crop-classification\agri-crop-classification-main\data\Agricultural-crops\sunflower\image (9).jpg,sunflower
c:\Users\hongquan\Documents\GitHub\agri-crop-classification\agri-crop-classification-main\data\Agricultural-crops\tomato\image (2).jpg,tomato
c:\Users\hongquan\Documents\GitHub\agri-crop-classification\agri-crop-classification-main\data\Agricultural-crops\mustard-oil\image (15).jpg,mustard-oil
c:\Users\hongquan\Documents\GitHub\agri-crop-classification\agri-crop-classification-main\data\Agricultural-crops\almond\image (2).jpg,almond
c:\Users\hongquan\Documents\GitHub\agri-crop-classification\agri-crop-classification-main\data\Agricultural-crops\Pearl_millet(bajra)\image (27).jpg,Pearl_millet(bajra)
c:\Users\hongquan\Documents\GitHub\agri-crop-classification\agri-crop-classification-main\data\Agricultural-crops\coconut\image (32).jpg,coconut
c:\Users\hongquan\Documents\GitHub\agri-crop-classification\agri-crop-classification-main\data\Agricultural-crops\chilli\image26.jpeg,chilli
c:\Users\hongquan\Documents\GitHub\agri-crop-classification\agri-crop-classification-main\data\Agricultural-crops\chilli\image11.jpeg,chilli
c:\Users\hongquan\Documents\GitHub\agri-crop-classification\agri-crop-classification-main\data\Agricultural-crops\wheat\image (7).jpg,wheat
c:\Users\hongquan\Documents\GitHub\agri-crop-classification\agri-crop-classification-main\data\Agricultural-crops\Fox_nut(Makhana)\images6.jpg,Fox_nut(Makhana)
c:\Users\hongquan\Documents\GitHub\agri-crop-classification\agri-crop-classification-main\data\Agricultural-crops\vigna-radiati(Mung)\image (25).jpg,vigna-radiati(Mung)
c:\Users\hongquan\Documents\GitHub\agri-crop-classification\agri-crop-classification-main\data\Agricultural-crops\sugarcane\image (8).jpg,sugarcane
c:\Users\hongquan\Documents\GitHub\agri-crop-classification\agri-crop-classification-main\data\Agricultural-crops\Coffee-plant\images48.jpg,Coffee-plant
c:\Users\hongquan\Documents\GitHub\agri-crop-classification\agri-crop-classification-main\data\Agricultural-crops\cardamom\image (4).jpeg,cardamom
c:\Users\hongquan\Documents\GitHub\agri-crop-classification\agri-crop-classification-main\data\Agricultural-crops\jute\image (2).jpg,jute
c:\Users\hongquan\Documents\GitHub\agri-crop-classification\agri-crop-classification-main\data\Agricultural-crops\Cherry\image27.jpeg,Cherry
c:\Users\hongquan\Documents\GitHub\agri-crop-classification\agri-crop-classification-main\data\Agricultural-crops\gram\image (2).jpeg,gram
c:\Users\hongquan\Documents\GitHub\agri-crop-classification\agri-crop-classification-main\data\Agricultural-crops\tea\image29.jpeg,tea
c:\Users\hongquan\Documents\GitHub\agri-crop-classification\agri-crop-classification-main\data\Agricultural-crops\wheat\image (35).jpg,wheat
c:\Users\hongquan\Documents\GitHub\agri-crop-classification\agri-crop-classification-main\data\Agricultural-crops\maize\image (23).jpg,maize
c:\Users\hongquan\Documents\GitHub\agri-crop-classification\agri-crop-classification-main\data\Agricultural-crops\Cucumber\image (21).jpg,Cucumber
c:\Users\hongquan\Documents\GitHub\agri-crop-classification\agri-crop-classification-main\data\Agricultural-crops\sugarcane\image (11).jpg,sugarcane
c:\Users\hongquan\Documents\GitHub\agri-crop-classification\agri-crop-classification-main\data\Agricultural-crops\Coffee-plant\images59.jpg,Coffee-plant
c:\Users\hongquan\Documents\GitHub\agri-crop-classification\agri-crop-classification-main\data\Agricultural-crops\tea\images7.jpg,tea
c:\Users\hongquan\Documents\GitHub\agri-crop-classification\agri-crop-classification-main\data\Agricultural-crops\wheat\image (38).jpg,wheat
c:\Users\hongquan\Documents\GitHub\agri-crop-classification\agri-crop-classification-main\data\Agricultural-crops\gram\image (1).jpg,gram
c:\Users\hongquan\Documents\GitHub\agri-crop-classification\agri-crop-classification-main\data\Agricultural-crops\Coffee-plant\images69.jpg,Coffee-plant
c:\Users\hongquan\Documents\GitHub\agri-crop-classification\agri-crop-classification-main\data\Agricultural-crops\soyabean\imaage (24).jpg,soyabean
c:\Users\hongquan\Documents\GitHub\agri-crop-classification\agri-crop-classification-main\data\Agricultural-crops\Pearl_millet(bajra)\image (2).jpg,Pearl_millet(bajra)
c:\Users\hongquan\Documents\GitHub\agri-crop-classification\agri-crop-classification-main\data\Agricultural-crops\gram\image (1).jpeg,gram
c:\Users\hongquan\Documents\GitHub\agri-crop-classification\agri-crop-classification-main\data\Agricultural-crops\Coffee-plant\images9.jpg,Coffee-plant
c:\Users\hongquan\Documents\GitHub\agri-crop-classification\agri-crop-classification-main\data\Agricultural-crops\almond\image (3).jpg,almond
c:\Users\hongquan\Documents\GitHub\agri-crop-classification\agri-crop-classification-main\data\Agricultural-crops\cotton\image (28).jpg,cotton
c:\Users\hongquan\Documents\GitHub\agri-crop-classification\agri-crop-classification-main\data\Agricultural-crops\vigna-radiati(Mung)\image (24).jpg,vigna-radiati(Mung)
c:\Users\hongquan\Documents\GitHub\agri-crop-classification\agri-crop-classification-main\data\Agricultural-crops\banana\image (24).jpg,banana
c:\Users\hongquan\Documents\GitHub\agri-crop-classification\agri-crop-classification-main\data\Agricultural-crops\maize\image (10).jpg,maize
c:\Users\hongquan\Documents\GitHub\agri-crop-classification\agri-crop-classification-main\data\Agricultural-crops\jowar\image (12).jpg,jowar
c:\Users\hongquan\Documents\GitHub\agri-crop-classification\agri-crop-classification-main\data\Agricultural-crops\vigna-radiati(Mung)\image (5).jpeg,vigna-radiati(Mung)
c:\Users\hongquan\Documents\GitHub\agri-crop-classification\agri-crop-classification-main\data\Agricultural-crops\chilli\image17.jpeg,chilli
c:\Users\hongquan\Documents\GitHub\agri-crop-classification\agri-crop-classification-main\data\Agricultural-crops\mustard-oil\image (10).jpg,mustard-oil
c:\Users\hongquan\Documents\GitHub\agri-crop-classification\agri-crop-classification-main\data\Agricultural-crops\pineapple\image (7).jpg,pineapple
c:\Users\hongquan\Documents\GitHub\agri-crop-classification\agri-crop-classification-main\data\Agricultural-crops\Pearl_millet(bajra)\image (12).jpg,Pearl_millet(bajra)
c:\Users\hongquan\Documents\GitHub\agri-crop-classification\agri-crop-classification-main\data\Agricultural-crops\Cherry\images16.jpg,Cherry
c:\Users\hongquan\Documents\GitHub\agri-crop-classification\agri-crop-classification-main\data\Agricultural-crops\Tobacco-plant\image18.jpeg,Tobacco-plant
c:\Users\hongquan\Documents\GitHub\agri-crop-classification\agri-crop-classification-main\data\Agricultural-crops\banana\image (2).png,banana
c:\Users\hongquan\Documents\GitHub\agri-crop-classification\agri-crop-classification-main\data\Agricultural-crops\jute\image (1).jpeg,jute
c:\Users\hongquan\Documents\GitHub\agri-crop-classification\agri-crop-classification-main\data\Agricultural-crops\Pearl_millet(bajra)\image (33).jpg,Pearl_millet(bajra)
c:\Users\hongquan\Documents\GitHub\agri-crop-classification\agri-crop-classification-main\data\Agricultural-crops\jowar\image (9).jpeg,jowar
c:\Users\hongquan\Documents\GitHub\agri-crop-classification\agri-crop-classification-main\data\Agricultural-crops\Tobacco-plant\images39.jpg,Tobacco-plant
c:\Users\hongquan\Documents\GitHub\agri-crop-classification\agri-crop-classification-main\data\Agricultural-crops\maize\image (2).jpeg,maize
c:\Users\hongquan\Documents\GitHub\agri-crop-classification\agri-crop-classification-main\data\Agricultural-crops\cardamom\image (6).jpg,cardamom
c:\Users\hongquan\Documents\GitHub\agri-crop-classification\agri-crop-classification-main\data\Agricultural-crops\coconut\image (11).jpg,coconut
c:\Users\hongquan\Documents\GitHub\agri-crop-classification\agri-crop-classification-main\data\Agricultural-crops\Fox_nut(Makhana)\images31.jpg,Fox_nut(Makhana)
c:\Users\hongquan\Documents\GitHub\agri-crop-classification\agri-crop-classification-main\data\Agricultural-crops\Tobacco-plant\images.jpg,Tobacco-plant
c:\Users\hongquan\Documents\GitHub\agri-crop-classification\agri-crop-classification-main\data\Agricultural-crops\Lemon\image32.jpeg,Lemon
c:\Users\hongquan\Documents\GitHub\agri-crop-classification\agri-crop-classification-main\data\Agricultural-crops\soyabean\imaage (9).jpeg,soyabean
c:\Users\hongquan\Documents\GitHub\agri-crop-classification\agri-crop-classification-main\data\Agricultural-crops\Cucumber\image (16).jpg,Cucumber
c:\Users\hongquan\Documents\GitHub\agri-crop-classification\agri-crop-classification-main\data\Agricultural-crops\wheat\image (52).jpg,wheat
c:\Users\hongquan\Documents\GitHub\agri-crop-classification\agri-crop-classification-main\data\Agricultural-crops\coconut\image (10).jpg,coconut
c:\Users\hongquan\Documents\GitHub\agri-crop-classification\agri-crop-classification-main\data\Agricultural-crops\papaya\image (5).jpg,papaya
c:\Users\hongquan\Documents\GitHub\agri-crop-classification\agri-crop-classification-main\data\Agricultural-crops\Tobacco-plant\images4.jpg,Tobacco-plant
c:\Users\hongquan\Documents\GitHub\agri-crop-classification\agri-crop-classification-main\data\Agricultural-crops\clove\image26.jpeg,clove
c:\Users\hongquan\Documents\GitHub\agri-crop-classification\agri-crop-classification-main\data\Agricultural-crops\clove\images6.jpg,clove
c:\Users\hongquan\Documents\GitHub\agri-crop-classification\agri-crop-classification-main\data\Agricultural-crops\Lemon\image25.jpeg,Lemon
c:\Users\hongquan\Documents\GitHub\agri-crop-classification\agri-crop-classification-main\data\Agricultural-crops\Tobacco-plant\image9.jpeg,Tobacco-plant
c:\Users\hongquan\Documents\GitHub\agri-crop-classification\agri-crop-classification-main\data\Agricultural-crops\Olive-tree\image (8).jpeg,Olive-tree
c:\Users\hongquan\Documents\GitHub\agri-crop-classification\agri-crop-classification-main\data\Agricultural-crops\Tobacco-plant\image4.jpeg,Tobacco-plant
c:\Users\hongquan\Documents\GitHub\agri-crop-classification\agri-crop-classification-main\data\Agricultural-crops\Cucumber\image (29).jpg,Cucumber
c:\Users\hongquan\Documents\GitHub\agri-crop-classification\agri-crop-classification-main\data\Agricultural-crops\pineapple\image (21).jpg,pineapple
c:\Users\hongquan\Documents\GitHub\agri-crop-classification\agri-crop-classification-main\data\Agricultural-crops\mustard-oil\image (17).jpg,mustard-oil
c:\Users\hongquan\Documents\GitHub\agri-crop-classification\agri-crop-classification-main\data\Agricultural-crops\vigna-radiati(Mung)\image (38).jpg,vigna-radiati(Mung)
c:\Users\hongquan\Documents\GitHub\agri-crop-classification\agri-crop-classification-main\data\Agricultural-crops\soyabean\imaage (2).jpeg,soyabean
c:\Users\hongquan\Documents\GitHub\agri-crop-classification\agri-crop-classification-main\data\Agricultural-crops\jute\image (18).jpg,jute
c:\Users\hongquan\Documents\GitHub\agri-crop-classification\agri-crop-classification-main\data\Agricultural-crops\papaya\image (18).jpg,papaya
c:\Users\hongquan\Documents\GitHub\agri-crop-classification\agri-crop-classification-main\data\Agricultural-crops\banana\image (9).jpg,banana
c:\Users\hongquan\Documents\GitHub\agri-crop-classification\agri-crop-classification-main\data\Agricultural-crops\Cherry\images37.jpg,Cherry
c:\Users\hongquan\Documents\GitHub\agri-crop-classification\agri-crop-classification-main\data\Agricultural-crops\rice\image (3).jpg,rice
c:\Users\hongquan\Documents\GitHub\agri-crop-classification\agri-crop-classification-main\data\Agricultural-crops\vigna-radiati(Mung)\image (9).jpg,vigna-radiati(Mung)
c:\Users\hongquan\Documents\GitHub\agri-crop-classification\agri-crop-classification-main\data\Agricultural-crops\cardamom\image (9).jpeg,cardamom
c:\Users\hongquan\Documents\GitHub\agri-crop-classification\agri-crop-classification-main\data\Agricultural-crops\sugarcane\image (13).jpg,sugarcane
c:\Users\hongquan\Documents\GitHub\agri-crop-classification\agri-crop-classification-main\data\Agricultural-crops\rice\image (8).jpeg,rice
c:\Users\hongquan\Documents\GitHub\agri-crop-classification\agri-crop-classification-main\data\Agricultural-crops\Olive-tree\image (10).jpg,Olive-tree
c:\Users\hongquan\Documents\GitHub\agri-crop-classification\agri-crop-classification-main\data\Agricultural-crops\vigna-radiati(Mung)\image (3).jpeg,vigna-radiati(Mung)
c:\Users\hongquan\Documents\GitHub\agri-crop-classification\agri-crop-classification-main\data\Agricultural-crops\chilli\image31.jpeg,chilli
c:\Users\hongquan\Documents\GitHub\agri-crop-classification\agri-crop-classification-main\data\Agricultural-crops\Coffee-plant\images64.jpg,Coffee-plant
c:\Users\hongquan\Documents\GitHub\agri-crop-classification\agri-crop-classification-main\data\Agricultural-crops\Coffee-plant\images10.jpg,Coffee-plant
c:\Users\hongquan\Documents\GitHub\agri-crop-classification\agri-crop-classification-main\data\Agricultural-crops\tomato\image (4).jpg,tomato
c:\Users\hongquan\Documents\GitHub\agri-crop-classification\agri-crop-classification-main\data\Agricultural-crops\jute\image (8).jpg,jute
c:\Users\hongquan\Documents\GitHub\agri-crop-classification\agri-crop-classification-main\data\Agricultural-crops\tea\images8.jpg,tea
c:\Users\hongquan\Documents\GitHub\agri-crop-classification\agri-crop-classification-main\data\Agricultural-crops\tea\image27.jpeg,tea
c:\Users\hongquan\Documents\GitHub\agri-crop-classification\agri-crop-classification-main\data\Agricultural-crops\Coffee-plant\images54.jpg,Coffee-plant
c:\Users\hongquan\Documents\GitHub\agri-crop-classification\agri-crop-classification-main\data\Agricultural-crops\clove\image13.jpeg,clove
c:\Users\hongquan\Documents\GitHub\agri-crop-classification\agri-crop-classification-main\data\Agricultural-crops\mustard-oil\image (11).jpg,mustard-oil
c:\Users\hongquan\Documents\GitHub\agri-crop-classification\agri-crop-classification-main\data\Agricultural-crops\papaya\image (14).jpg,papaya
c:\Users\hongquan\Documents\GitHub\agri-crop-classification\agri-crop-classification-main\data\Agricultural-crops\rice\image (3).jpeg,rice
c:\Users\hongquan\Documents\GitHub\agri-crop-classification\agri-crop-classification-main\data\Agricultural-crops\Tobacco-plant\image11.jpeg,Tobacco-plant
c:\Users\hongquan\Documents\GitHub\agri-crop-classification\agri-crop-classification-main\data\Agricultural-crops\jowar\image (8).jpg,jowar
c:\Users\hongquan\Documents\GitHub\agri-crop-classification\agri-crop-classification-main\data\Agricultural-crops\tomato\image (2).jpeg,tomato
c:\Users\hongquan\Documents\GitHub\agri-crop-classification\agri-crop-classification-main\data\Agricultural-crops\Lemon\images24.jpg,Lemon
c:\Users\hongquan\Documents\GitHub\agri-crop-classification\agri-crop-classification-main\data\Agricultural-crops\rice\image (11).jpeg,rice
c:\Users\hongquan\Documents\GitHub\agri-crop-classification\agri-crop-classification-main\data\Agricultural-crops\gram\image (4).jpg,gram
c:\Users\hongquan\Documents\GitHub\agri-crop-classification\agri-crop-classification-main\data\Agricultural-crops\Lemon\image21.jpeg,Lemon
c:\Users\hongquan\Documents\GitHub\agri-crop-classification\agri-crop-classification-main\data\Agricultural-crops\Lemon\image14.jpeg,Lemon
c:\Users\hongquan\Documents\GitHub\agri-crop-classification\agri-crop-classification-main\data\Agricultural-crops\Lemon\image31.jpeg,Lemon
c:\Users\hongquan\Documents\GitHub\agri-crop-classification\agri-crop-classification-main\data\Agricultural-crops\Tobacco-plant\image6.jpeg,Tobacco-plant
c:\Users\hongquan\Documents\GitHub\agri-crop-classification\agri-crop-classification-main\data\Agricultural-crops\Olive-tree\image (7).jpg,Olive-tree
c:\Users\hongquan\Documents\GitHub\agri-crop-classification\agri-crop-classification-main\data\Agricultural-crops\maize\image (7).jpeg,maize
c:\Users\hongquan\Documents\GitHub\agri-crop-classification\agri-crop-classification-main\data\Agricultural-crops\pineapple\image (25).jpg,pineapple
c:\Users\hongquan\Documents\GitHub\agri-crop-classification\agri-crop-classification-main\data\Agricultural-crops\Cherry\images4.jpg,Cherry
c:\Users\hongquan\Documents\GitHub\agri-crop-classification\agri-crop-classification-main\data\Agricultural-crops\wheat\image (10).jpeg,wheat
c:\Users\hongquan\Documents\GitHub\agri-crop-classification\agri-crop-classification-main\data\Agricultural-crops\maize\image (1).jpg,maize
c:\Users\hongquan\Documents\GitHub\agri-crop-classification\agri-crop-classification-main\data\Agricultural-crops\soyabean\imaage (5).jpg,soyabean
c:\Users\hongquan\Documents\GitHub\agri-crop-classification\agri-crop-classification-main\data\Agricultural-crops\Coffee-plant\images15.jpg,Coffee-plant
c:\Users\hongquan\Documents\GitHub\agri-crop-classification\agri-crop-classification-main\data\Agricultural-crops\pineapple\image (10).jpg,pineapple
c:\Users\hongquan\Documents\GitHub\agri-crop-classification\agri-crop-classification-main\data\Agricultural-crops\wheat\image (45).jpg,wheat
c:\Users\hongquan\Documents\GitHub\agri-crop-classification\agri-crop-classification-main\data\Agricultural-crops\soyabean\imaage (10).jpeg,soyabean
c:\Users\hongquan\Documents\GitHub\agri-crop-classification\agri-crop-classification-main\data\Agricultural-crops\banana\image (7).jpg,banana
c:\Users\hongquan\Documents\GitHub\agri-crop-classification\agri-crop-classification-main\data\Agricultural-crops\Olive-tree\image (6).jpg,Olive-tree
c:\Users\hongquan\Documents\GitHub\agri-crop-classification\agri-crop-classification-main\data\Agricultural-crops\soyabean\imaage (17).jpg,soyabean
c:\Users\hongquan\Documents\GitHub\agri-crop-classification\agri-crop-classification-main\data\Agricultural-crops\soyabean\imaage (14).jpg,soyabean
c:\Users\hongquan\Documents\GitHub\agri-crop-classification\agri-crop-classification-main\data\Agricultural-crops\rice\image (10).jpg,rice
c:\Users\hongquan\Documents\GitHub\agri-crop-classification\agri-crop-classification-main\data\Agricultural-crops\Cucumber\image (19).jpg,Cucumber
c:\Users\hongquan\Documents\GitHub\agri-crop-classification\agri-crop-classification-main\data\Agricultural-crops\Pearl_millet(bajra)\image (58).jpg,Pearl_millet(bajra)
c:\Users\hongquan\Documents\GitHub\agri-crop-classification\agri-crop-classification-main\data\Agricultural-crops\pineapple\image (11).jpg,pineapple
c:\Users\hongquan\Documents\GitHub\agri-crop-classification\agri-crop-classification-main\data\Agricultural-crops\Cucumber\image (6).jpg,Cucumber
c:\Users\hongquan\Documents\GitHub\agri-crop-classification\agri-crop-classification-main\data\Agricultural-crops\jowar\image (4).jpeg,jowar
c:\Users\hongquan\Documents\GitHub\agri-crop-classification\agri-crop-classification-main\data\Agricultural-crops\sugarcane\image (15).jpg,sugarcane
c:\Users\hongquan\Documents\GitHub\agri-crop-classification\agri-crop-classification-main\data\Agricultural-crops\clove\images46.jpg,clove
c:\Users\hongquan\Documents\GitHub\agri-crop-classification\agri-crop-classification-main\data\Agricultural-crops\cardamom\image (13).jpeg,cardamom
c:\Users\hongquan\Documents\GitHub\agri-crop-classification\agri-crop-classification-main\data\Agricultural-crops\jute\image (13).jpg,jute
c:\Users\hongquan\Documents\GitHub\agri-crop-classification\agri-crop-classification-main\data\Agricultural-crops\pineapple\image (5).jpg,pineapple
c:\Users\hongquan\Documents\GitHub\agri-crop-classification\agri-crop-classification-main\data\Agricultural-crops\wheat\image (36).jpg,wheat
c:\Users\hongquan\Documents\GitHub\agri-crop-classification\agri-crop-classification-main\data\Agricultural-crops\cotton\image (8).jpg,cotton
c:\Users\hongquan\Documents\GitHub\agri-crop-classification\agri-crop-classification-main\data\Agricultural-crops\Pearl_millet(bajra)\image (3).jpg,Pearl_millet(bajra)
c:\Users\hongquan\Documents\GitHub\agri-crop-classification\agri-crop-classification-main\data\Agricultural-crops\coconut\image (14).jpg,coconut
c:\Users\hongquan\Documents\GitHub\agri-crop-classification\agri-crop-classification-main\data\Agricultural-crops\maize\image (3).jpg,maize
c:\Users\hongquan\Documents\GitHub\agri-crop-classification\agri-crop-classification-main\data\Agricultural-crops\sunflower\image (24).jpg,sunflower
c:\Users\hongquan\Documents\GitHub\agri-crop-classification\agri-crop-classification-main\data\Agricultural-crops\Fox_nut(Makhana)\image31.jpeg,Fox_nut(Makhana)
c:\Users\hongquan\Documents\GitHub\agri-crop-classification\agri-crop-classification-main\data\Agricultural-crops\cardamom\image (7).jpg,cardamom
c:\Users\hongquan\Documents\GitHub\agri-crop-classification\agri-crop-classification-main\data\Agricultural-crops\cardamom\image (12).jpeg,cardamom
c:\Users\hongquan\Documents\GitHub\agri-crop-classification\agri-crop-classification-main\data\Agricultural-crops\Cherry\images54.jpg,Cherry
c:\Users\hongquan\Documents\GitHub\agri-crop-classification\agri-crop-classification-main\data\Agricultural-crops\Cucumber\image (8).jpg,Cucumber
c:\Users\hongquan\Documents\GitHub\agri-crop-classification\agri-crop-classification-main\data\Agricultural-crops\wheat\image (40).jpg,wheat
c:\Users\hongquan\Documents\GitHub\agri-crop-classification\agri-crop-classification-main\data\Agricultural-crops\gram\image (13).jpg,gram
c:\Users\hongquan\Documents\GitHub\agri-crop-classification\agri-crop-classification-main\data\Agricultural-crops\Pearl_millet(bajra)\image (2).jpeg,Pearl_millet(bajra)
c:\Users\hongquan\Documents\GitHub\agri-crop-classification\agri-crop-classification-main\data\Agricultural-crops\pineapple\image (13).jpg,pineapple
c:\Users\hongquan\Documents\GitHub\agri-crop-classification\agri-crop-classification-main\data\Agricultural-crops\coconut\image (8).jpg,coconut
c:\Users\hongquan\Documents\GitHub\agri-crop-classification\agri-crop-classification-main\data\Agricultural-crops\soyabean\imaage (6).jpg,soyabean
c:\Users\hongquan\Documents\GitHub\agri-crop-classification\agri-crop-classification-main\data\Agricultural-crops\almond\image (12).jpg,almond
c:\Users\hongquan\Documents\GitHub\agri-crop-classification\agri-crop-classification-main\data\Agricultural-crops\sunflower\image (28).jpg,sunflower
c:\Users\hongquan\Documents\GitHub\agri-crop-classification\agri-crop-classification-main\data\Agricultural-crops\Pearl_millet(bajra)\image (15).jpg,Pearl_millet(bajra)
c:\Users\hongquan\Documents\GitHub\agri-crop-classification\agri-crop-classification-main\data\Agricultural-crops\chilli\image14.jpeg,chilli
c:\Users\hongquan\Documents\GitHub\agri-crop-classification\agri-crop-classification-main\data\Agricultural-crops\gram\image (12).jpg,gram
c:\Users\hongquan\Documents\GitHub\agri-crop-classification\agri-crop-classification-main\data\Agricultural-crops\rice\image (2).jpeg,rice
c:\Users\hongquan\Documents\GitHub\agri-crop-classification\agri-crop-classification-main\data\Agricultural-crops\Lemon\image26.jpeg,Lemon
c:\Users\hongquan\Documents\GitHub\agri-crop-classification\agri-crop-classification-main\data\Agricultural-crops\tomato\image (15).jpeg,tomato
c:\Users\hongquan\Documents\GitHub\agri-crop-classification\agri-crop-classification-main\data\Agricultural-crops\pineapple\image (9).jpg,pineapple
c:\Users\hongquan\Documents\GitHub\agri-crop-classification\agri-crop-classification-main\data\Agricultural-crops\Olive-tree\image (19).jpg,Olive-tree
c:\Users\hongquan\Documents\GitHub\agri-crop-classification\agri-crop-classification-main\data\Agricultural-crops\Lemon\image28.jpeg,Lemon
c:\Users\hongquan\Documents\GitHub\agri-crop-classification\agri-crop-classification-main\data\Agricultural-crops\Tobacco-plant\image19.jpeg,Tobacco-plant
c:\Users\hongquan\Documents\GitHub\agri-crop-classification\agri-crop-classification-main\data\Agricultural-crops\tomato\image (3).jpg,tomato
c:\Users\hongquan\Documents\GitHub\agri-crop-classification\agri-crop-classification-main\data\Agricultural-crops\pineapple\image (4).jpg,pineapple
c:\Users\hongquan\Documents\GitHub\agri-crop-classification\agri-crop-classification-main\data\Agricultural-crops\tea\image26.jpeg,tea
c:\Users\hongquan\Documents\GitHub\agri-crop-classification\agri-crop-classification-main\data\Agricultural-crops\cotton\image (17).jpg,cotton
c:\Users\hongquan\Documents\GitHub\agri-crop-classification\agri-crop-classification-main\data\Agricultural-crops\Lemon\images11.jpg,Lemon
c:\Users\hongquan\Documents\GitHub\agri-crop-classification\agri-crop-classification-main\data\Agricultural-crops\pineapple\image (14).jpg,pineapple
c:\Users\hongquan\Documents\GitHub\agri-crop-classification\agri-crop-classification-main\data\Agricultural-crops\maize\image (19).jpg,maize
c:\Users\hongquan\Documents\GitHub\agri-crop-classification\agri-crop-classification-main\data\Agricultural-crops\wheat\image (34).jpg,wheat
c:\Users\hongquan\Documents\GitHub\agri-crop-classification\agri-crop-classification-main\data\Agricultural-crops\soyabean\imaage (11).jpeg,soyabean
c:\Users\hongquan\Documents\GitHub\agri-crop-classification\agri-crop-classification-main\data\Agricultural-crops\clove\image20.jpeg,clove
c:\Users\hongquan\Documents\GitHub\agri-crop-classification\agri-crop-classification-main\data\Agricultural-crops\Fox_nut(Makhana)\image17.jpeg,Fox_nut(Makhana)
c:\Users\hongquan\Documents\GitHub\agri-crop-classification\agri-crop-classification-main\data\Agricultural-crops\Coffee-plant\images53.jpg,Coffee-plant
c:\Users\hongquan\Documents\GitHub\agri-crop-classification\agri-crop-classification-main\data\Agricultural-crops\sunflower\image (5).jpeg,sunflower
c:\Users\hongquan\Documents\GitHub\agri-crop-classification\agri-crop-classification-main\data\Agricultural-crops\jowar\image (2).jpg,jowar
c:\Users\hongquan\Documents\GitHub\agri-crop-classification\agri-crop-classification-main\data\Agricultural-crops\chilli\image23.jpeg,chilli
c:\Users\hongquan\Documents\GitHub\agri-crop-classification\agri-crop-classification-main\data\Agricultural-crops\coconut\image (6).jpeg,coconut
c:\Users\hongquan\Documents\GitHub\agri-crop-classification\agri-crop-classification-main\data\Agricultural-crops\Cherry\images20.jpg,Cherry
c:\Users\hongquan\Documents\GitHub\agri-crop-classification\agri-crop-classification-main\data\Agricultural-crops\Pearl_millet(bajra)\image (5).jpg,Pearl_millet(bajra)
c:\Users\hongquan\Documents\GitHub\agri-crop-classification\agri-crop-classification-main\data\Agricultural-crops\Tobacco-plant\image16.jpeg,Tobacco-plant
c:\Users\hongquan\Documents\GitHub\agri-crop-classification\agri-crop-classification-main\data\Agricultural-crops\wheat\image (51).jpg,wheat
c:\Users\hongquan\Documents\GitHub\agri-crop-classification\agri-crop-classification-main\data\Agricultural-crops\banana\image (27).jpg,banana
c:\Users\hongquan\Documents\GitHub\agri-crop-classification\agri-crop-classification-main\data\Agricultural-crops\clove\images35.jpg,clove
c:\Users\hongquan\Documents\GitHub\agri-crop-classification\agri-crop-classification-main\data\Agricultural-crops\rice\image (19).jpg,rice
c:\Users\hongquan\Documents\GitHub\agri-crop-classification\agri-crop-classification-main\data\Agricultural-crops\banana\image (5).jpg,banana
c:\Users\hongquan\Documents\GitHub\agri-crop-classification\agri-crop-classification-main\data\Agricultural-crops\sunflower\image (5).jpg,sunflower
c:\Users\hongquan\Documents\GitHub\agri-crop-classification\agri-crop-classification-main\data\Agricultural-crops\banana\image (17).jpg,banana
c:\Users\hongquan\Documents\GitHub\agri-crop-classification\agri-crop-classification-main\data\Agricultural-crops\sunflower\image (3).jpeg,sunflower
c:\Users\hongquan\Documents\GitHub\agri-crop-classification\agri-crop-classification-main\data\Agricultural-crops\Lemon\image17.jpeg,Lemon
c:\Users\hongquan\Documents\GitHub\agri-crop-classification\agri-crop-classification-main\data\Agricultural-crops\papaya\image (6).jpg,papaya
c:\Users\hongquan\Documents\GitHub\agri-crop-classification\agri-crop-classification-main\data\Agricultural-crops\jute\image (17).jpg,jute
c:\Users\hongquan\Documents\GitHub\agri-crop-classification\agri-crop-classification-main\data\Agricultural-crops\Cherry\image20.jpeg,Cherry
c:\Users\hongquan\Documents\GitHub\agri-crop-classification\agri-crop-classification-main\data\Agricultural-crops\sunflower\image (2).jpg,sunflower
c:\Users\hongquan\Documents\GitHub\agri-crop-classification\agri-crop-classification-main\data\Agricultural-crops\jowar\image (17).jpg,jowar
c:\Users\hongquan\Documents\GitHub\agri-crop-classification\agri-crop-classification-main\data\Agricultural-crops\cotton\image (23).jpg,cotton
c:\Users\hongquan\Documents\GitHub\agri-crop-classification\agri-crop-classification-main\data\Agricultural-crops\Pearl_millet(bajra)\image (59).jpg,Pearl_millet(bajra)
c:\Users\hongquan\Documents\GitHub\agri-crop-classification\agri-crop-classification-main\data\Agricultural-crops\sugarcane\image (7).jpg,sugarcane
c:\Users\hongquan\Documents\GitHub\agri-crop-classification\agri-crop-classification-main\data\Agricultural-crops\clove\images21.jpg,clove
c:\Users\hongquan\Documents\GitHub\agri-crop-classification\agri-crop-classification-main\data\Agricultural-crops\clove\image22.jpeg,clove
c:\Users\hongquan\Documents\GitHub\agri-crop-classification\agri-crop-classification-main\data\Agricultural-crops\cotton\image (26).jpg,cotton
c:\Users\hongquan\Documents\GitHub\agri-crop-classification\agri-crop-classification-main\data\Agricultural-crops\clove\image27.jpeg,clove
c:\Users\hongquan\Documents\GitHub\agri-crop-classification\agri-crop-classification-main\data\Agricultural-crops\jowar\image (11).jpg,jowar
c:\Users\hongquan\Documents\GitHub\agri-crop-classification\agri-crop-classification-main\data\Agricultural-crops\mustard-oil\image (8).jpeg,mustard-oil
c:\Users\hongquan\Documents\GitHub\agri-crop-classification\agri-crop-classification-main\data\Agricultural-crops\almond\image (17).jpg,almond
c:\Users\hongquan\Documents\GitHub\agri-crop-classification\agri-crop-classification-main\data\Agricultural-crops\banana\image (14).jpg,banana
c:\Users\hongquan\Documents\GitHub\agri-crop-classification\agri-crop-classification-main\data\Agricultural-crops\Pearl_millet(bajra)\image (18).jpg,Pearl_millet(bajra)
c:\Users\hongquan\Documents\GitHub\agri-crop-classification\agri-crop-classification-main\data\Agricultural-crops\cotton\image (31).jpg,cotton
c:\Users\hongquan\Documents\GitHub\agri-crop-classification\agri-crop-classification-main\data\Agricultural-crops\Olive-tree\image (2).jpg,Olive-tree
c:\Users\hongquan\Documents\GitHub\agri-crop-classification\agri-crop-classification-main\data\Agricultural-crops\tea\image32.jpeg,tea
c:\Users\hongquan\Documents\GitHub\agri-crop-classification\agri-crop-classification-main\data\Agricultural-crops\pineapple\image (1).jpg,pineapple
c:\Users\hongquan\Documents\GitHub\agri-crop-classification\agri-crop-classification-main\data\Agricultural-crops\Pearl_millet(bajra)\image (23).jpg,Pearl_millet(bajra)
c:\Users\hongquan\Documents\GitHub\agri-crop-classification\agri-crop-classification-main\data\Agricultural-crops\Tobacco-plant\images30.jpg,Tobacco-plant
c:\Users\hongquan\Documents\GitHub\agri-crop-classification\agri-crop-classification-main\data\Agricultural-crops\chilli\image20.jpeg,chilli
c:\Users\hongquan\Documents\GitHub\agri-crop-classification\agri-crop-classification-main\data\Agricultural-crops\almond\image (13).jpg,almond
c:\Users\hongquan\Documents\GitHub\agri-crop-classification\agri-crop-classification-main\data\Agricultural-crops\Cucumber\image (13).jpg,Cucumber
c:\Users\hongquan\Documents\GitHub\agri-crop-classification\agri-crop-classification-main\data\Agricultural-crops\Pearl_millet(bajra)\image (1).jpg,Pearl_millet(bajra)
c:\Users\hongquan\Documents\GitHub\agri-crop-classification\agri-crop-classification-main\data\Agricultural-crops\banana\image (29).jpg,banana
c:\Users\hongquan\Documents\GitHub\agri-crop-classification\agri-crop-classification-main\data\Agricultural-crops\jowar\image (6).jpeg,jowar
c:\Users\hongquan\Documents\GitHub\agri-crop-classification\agri-crop-classification-main\data\Agricultural-crops\tomato\image (10).jpeg,tomato
c:\Users\hongquan\Documents\GitHub\agri-crop-classification\agri-crop-classification-main\data\Agricultural-crops\rice\image (5).jpg,rice
c:\Users\hongquan\Documents\GitHub\agri-crop-classification\agri-crop-classification-main\data\Agricultural-crops\tea\image6.jpeg,tea
c:\Users\hongquan\Documents\GitHub\agri-crop-classification\agri-crop-classification-main\data\Agricultural-crops\cotton\image (16).jpg,cotton
c:\Users\hongquan\Documents\GitHub\agri-crop-classification\agri-crop-classification-main\data\Agricultural-crops\soyabean\imaage (21).jpg,soyabean
c:\Users\hongquan\Documents\GitHub\agri-crop-classification\agri-crop-classification-main\data\Agricultural-crops\sugarcane\image (8).jpeg,sugarcane
c:\Users\hongquan\Documents\GitHub\agri-crop-classification\agri-crop-classification-main\data\Agricultural-crops\clove\image18.jpeg,clove
c:\Users\hongquan\Documents\GitHub\agri-crop-classification\agri-crop-classification-main\data\Agricultural-crops\Cucumber\image (23).jpg,Cucumber
c:\Users\hongquan\Documents\GitHub\agri-crop-classification\agri-crop-classification-main\data\Agricultural-crops\banana\image (4).jpg,banana
c:\Users\hongquan\Documents\GitHub\agri-crop-classification\agri-crop-classification-main\data\Agricultural-crops\Coffee-plant\images41.jpg,Coffee-plant
c:\Users\hongquan\Documents\GitHub\agri-crop-classification\agri-crop-classification-main\data\Agricultural-crops\Coffee-plant\images71.jpg,Coffee-plant
c:\Users\hongquan\Documents\GitHub\agri-crop-classification\agri-crop-classification-main\data\Agricultural-crops\wheat\image (2).jpeg,wheat
c:\Users\hongquan\Documents\GitHub\agri-crop-classification\agri-crop-classification-main\data\Agricultural-crops\almond\image (2).png,almond
c:\Users\hongquan\Documents\GitHub\agri-crop-classification\agri-crop-classification-main\data\Agricultural-crops\clove\images54.jpg,clove
c:\Users\hongquan\Documents\GitHub\agri-crop-classification\agri-crop-classification-main\data\Agricultural-crops\jute\image (21).jpg,jute
c:\Users\hongquan\Documents\GitHub\agri-crop-classification\agri-crop-classification-main\data\Agricultural-crops\maize\image (4).jpg,maize
c:\Users\hongquan\Documents\GitHub\agri-crop-classification\agri-crop-classification-main\data\Agricultural-crops\Olive-tree\image (14).jpg,Olive-tree
c:\Users\hongquan\Documents\GitHub\agri-crop-classification\agri-crop-classification-main\data\Agricultural-crops\Olive-tree\image (3).jpg,Olive-tree
c:\Users\hongquan\Documents\GitHub\agri-crop-classification\agri-crop-classification-main\data\Agricultural-crops\Fox_nut(Makhana)\image4.jpeg,Fox_nut(Makhana)
c:\Users\hongquan\Documents\GitHub\agri-crop-classification\agri-crop-classification-main\data\Agricultural-crops\banana\image (22).jpg,banana
c:\Users\hongquan\Documents\GitHub\agri-crop-classification\agri-crop-classification-main\data\Agricultural-crops\jowar\image (4).jpg,jowar
c:\Users\hongquan\Documents\GitHub\agri-crop-classification\agri-crop-classification-main\data\Agricultural-crops\Cherry\images53.jpg,Cherry
c:\Users\hongquan\Documents\GitHub\agri-crop-classification\agri-crop-classification-main\data\Agricultural-crops\clove\image23.jpeg,clove
c:\Users\hongquan\Documents\GitHub\agri-crop-classification\agri-crop-classification-main\data\Agricultural-crops\sugarcane\image (9).jpg,sugarcane
c:\Users\hongquan\Documents\GitHub\agri-crop-classification\agri-crop-classification-main\data\Agricultural-crops\jute\image (1).jpg,jute
c:\Users\hongquan\Documents\GitHub\agri-crop-classification\agri-crop-classification-main\data\Agricultural-crops\rice\image (6).jpg,rice
c:\Users\hongquan\Documents\GitHub\agri-crop-classification\agri-crop-classification-main\data\Agricultural-crops\Coffee-plant\images7.jpg,Coffee-plant
c:\Users\hongquan\Documents\GitHub\agri-crop-classification\agri-crop-classification-main\data\Agricultural-crops\maize\image (9).jpeg,maize
c:\Users\hongquan\Documents\GitHub\agri-crop-classification\agri-crop-classification-main\data\Agricultural-crops\soyabean\imaage (11).jpg,soyabean
c:\Users\hongquan\Documents\GitHub\agri-crop-classification\agri-crop-classification-main\data\Agricultural-crops\tomato\image (5).jpeg,tomato
c:\Users\hongquan\Documents\GitHub\agri-crop-classification\agri-crop-classification-main\data\Agricultural-crops\mustard-oil\image (12).jpg,mustard-oil
c:\Users\hongquan\Documents\GitHub\agri-crop-classification\agri-crop-classification-main\data\Agricultural-crops\mustard-oil\image (16).jpg,mustard-oil
c:\Users\hongquan\Documents\GitHub\agri-crop-classification\agri-crop-classification-main\data\Agricultural-crops\clove\image12.jpeg,clove
c:\Users\hongquan\Documents\GitHub\agri-crop-classification\agri-crop-classification-main\data\Agricultural-crops\mustard-oil\image (2).jpeg,mustard-oil
c:\Users\hongquan\Documents\GitHub\agri-crop-classification\agri-crop-classification-main\data\Agricultural-crops\chilli\image6.jpeg,chilli
c:\Users\hongquan\Documents\GitHub\agri-crop-classification\agri-crop-classification-main\data\Agricultural-crops\Lemon\image27.jpeg,Lemon
c:\Users\hongquan\Documents\GitHub\agri-crop-classification\agri-crop-classification-main\data\Agricultural-crops\pineapple\image (8).jpg,pineapple
c:\Users\hongquan\Documents\GitHub\agri-crop-classification\agri-crop-classification-main\data\Agricultural-crops\tomato\image (13).jpeg,tomato
c:\Users\hongquan\Documents\GitHub\agri-crop-classification\agri-crop-classification-main\data\Agricultural-crops\mustard-oil\image (8).jpg,mustard-oil
c:\Users\hongquan\Documents\GitHub\agri-crop-classification\agri-crop-classification-main\data\Agricultural-crops\rice\image (15).jpg,rice
c:\Users\hongquan\Documents\GitHub\agri-crop-classification\agri-crop-classification-main\data\Agricultural-crops\coconut\image (13).jpg,coconut
c:\Users\hongquan\Documents\GitHub\agri-crop-classification\agri-crop-classification-main\data\Agricultural-crops\mustard-oil\image (1).jpeg,mustard-oil
c:\Users\hongquan\Documents\GitHub\agri-crop-classification\agri-crop-classification-main\data\Agricultural-crops\Olive-tree\image (9).jpeg,Olive-tree
c:\Users\hongquan\Documents\GitHub\agri-crop-classification\agri-crop-classification-main\data\Agricultural-crops\Lemon\image7.jpeg,Lemon
c:\Users\hongquan\Documents\GitHub\agri-crop-classification\agri-crop-classification-main\data\Agricultural-crops\rice\image (1).jpg,rice
c:\Users\hongquan\Documents\GitHub\agri-crop-classification\agri-crop-classification-main\data\Agricultural-crops\jowar\image (16).jpg,jowar
c:\Users\hongquan\Documents\GitHub\agri-crop-classification\agri-crop-classification-main\data\Agricultural-crops\Olive-tree\image (11).jpg,Olive-tree
c:\Users\hongquan\Documents\GitHub\agri-crop-classification\agri-crop-classification-main\data\Agricultural-crops\Pearl_millet(bajra)\image (4).jpg,Pearl_millet(bajra)
c:\Users\hongquan\Documents\GitHub\agri-crop-classification\agri-crop-classification-main\data\Agricultural-crops\Pearl_millet(bajra)\image (1).jpeg,Pearl_millet(bajra)
c:\Users\hongquan\Documents\GitHub\agri-crop-classification\agri-crop-classification-main\data\Agricultural-crops\Fox_nut(Makhana)\image8.jpeg,Fox_nut(Makhana)
c:\Users\hongquan\Documents\GitHub\agri-crop-classification\agri-crop-classification-main\data\Agricultural-crops\rice\image (1).jpeg,rice
c:\Users\hongquan\Documents\GitHub\agri-crop-classification\agri-crop-classification-main\data\Agricultural-crops\Tobacco-plant\images36.jpg,Tobacco-plant
c:\Users\hongquan\Documents\GitHub\agri-crop-classification\agri-crop-classification-main\data\Agricultural-crops\Pearl_millet(bajra)\image (6).jpg,Pearl_millet(bajra)
c:\Users\hongquan\Documents\GitHub\agri-crop-classification\agri-crop-classification-main\data\Agricultural-crops\papaya\image (19).jpg,papaya
c:\Users\hongquan\Documents\GitHub\agri-crop-classification\agri-crop-classification-main\data\Agricultural-crops\pineapple\image (19).jpg,pineapple
c:\Users\hongquan\Documents\GitHub\agri-crop-classification\agri-crop-classification-main\data\Agricultural-crops\Pearl_millet(bajra)\image (54).jpg,Pearl_millet(bajra)
c:\Users\hongquan\Documents\GitHub\agri-crop-classification\agri-crop-classification-main\data\Agricultural-crops\Cucumber\image (10).jpg,Cucumber
c:\Users\hongquan\Documents\GitHub\agri-crop-classification\agri-crop-classification-main\data\Agricultural-crops\Coffee-plant\images29.jpg,Coffee-plant
c:\Users\hongquan\Documents\GitHub\agri-crop-classification\agri-crop-classification-main\data\Agricultural-crops\sunflower\image (26).jpg,sunflower
c:\Users\hongquan\Documents\GitHub\agri-crop-classification\agri-crop-classification-main\data\Agricultural-crops\cotton\image (36).jpg,cotton
c:\Users\hongquan\Documents\GitHub\agri-crop-classification\agri-crop-classification-main\data\Agricultural-crops\Cucumber\image (26).jpg,Cucumber
c:\Users\hongquan\Documents\GitHub\agri-crop-classification\agri-crop-classification-main\data\Agricultural-crops\almond\image (1).png,almond
c:\Users\hongquan\Documents\GitHub\agri-crop-classification\agri-crop-classification-main\data\Agricultural-crops\Olive-tree\image (13).jpg,Olive-tree
c:\Users\hongquan\Documents\GitHub\agri-crop-classification\agri-crop-classification-main\data\Agricultural-crops\chilli\image29.jpeg,chilli
c:\Users\hongquan\Documents\GitHub\agri-crop-classification\agri-crop-classification-main\data\Agricultural-crops\wheat\image (18).jpg,wheat
c:\Users\hongquan\Documents\GitHub\agri-crop-classification\agri-crop-classification-main\data\Agricultural-crops\papaya\image (1).jpg,papaya
c:\Users\hongquan\Documents\GitHub\agri-crop-classification\agri-crop-classification-main\data\Agricultural-crops\clove\images7.jpg,clove
c:\Users\hongquan\Documents\GitHub\agri-crop-classification\agri-crop-classification-main\data\Agricultural-crops\coconut\image (33).jpg,coconut
c:\Users\hongquan\Documents\GitHub\agri-crop-classification\agri-crop-classification-main\data\Agricultural-crops\gram\image (11).jpg,gram
c:\Users\hongquan\Documents\GitHub\agri-crop-classification\agri-crop-classification-main\data\Agricultural-crops\Fox_nut(Makhana)\image5.jpeg,Fox_nut(Makhana)
c:\Users\hongquan\Documents\GitHub\agri-crop-classification\agri-crop-classification-main\data\Agricultural-crops\Cucumber\image (25).jpg,Cucumber
c:\Users\hongquan\Documents\GitHub\agri-crop-classification\agri-crop-classification-main\data\Agricultural-crops\banana\image (20).jpg,banana
c:\Users\hongquan\Documents\GitHub\agri-crop-classification\agri-crop-classification-main\data\Agricultural-crops\Olive-tree\image (9).jpg,Olive-tree
c:\Users\hongquan\Documents\GitHub\agri-crop-classification\agri-crop-classification-main\data\Agricultural-crops\jute\image (11).jpg,jute
c:\Users\hongquan\Documents\GitHub\agri-crop-classification\agri-crop-classification-main\data\Agricultural-crops\Olive-tree\image (1).png,Olive-tree
c:\Users\hongquan\Documents\GitHub\agri-crop-classification\agri-crop-classification-main\data\Agricultural-crops\Olive-tree\image (3).jpeg,Olive-tree
c:\Users\hongquan\Documents\GitHub\agri-crop-classification\agri-crop-classification-main\data\Agricultural-crops\Coffee-plant\images80.jpg,Coffee-plant
c:\Users\hongquan\Documents\GitHub\agri-crop-classification\agri-crop-classification-main\data\Agricultural-crops\Cucumber\image (28).jpg,Cucumber
c:\Users\hongquan\Documents\GitHub\agri-crop-classification\agri-crop-classification-main\data\Agricultural-crops\cotton\image (35).jpg,cotton
c:\Users\hongquan\Documents\GitHub\agri-crop-classification\agri-crop-classification-main\data\Agricultural-crops\cotton\image (13).jpg,cotton
c:\Users\hongquan\Documents\GitHub\agri-crop-classification\agri-crop-classification-main\data\Agricultural-crops\tea\image14.jpeg,tea
c:\Users\hongquan\Documents\GitHub\agri-crop-classification\agri-crop-classification-main\data\Agricultural-crops\Fox_nut(Makhana)\image15.jpeg,Fox_nut(Makhana)
c:\Users\hongquan\Documents\GitHub\agri-crop-classification\agri-crop-classification-main\data\Agricultural-crops\Cucumber\image (1).jpeg,Cucumber
c:\Users\hongquan\Documents\GitHub\agri-crop-classification\agri-crop-classification-main\data\Agricultural-crops\Tobacco-plant\images25.jpg,Tobacco-plant
c:\Users\hongquan\Documents\GitHub\agri-crop-classification\agri-crop-classification-main\data\Agricultural-crops\Cucumber\image (30).jpg,Cucumber
c:\Users\hongquan\Documents\GitHub\agri-crop-classification\agri-crop-classification-main\data\Agricultural-crops\tomato\image (6).jpeg,tomato
c:\Users\hongquan\Documents\GitHub\agri-crop-classification\agri-crop-classification-main\data\Agricultural-crops\Olive-tree\image (5).jpeg,Olive-tree
c:\Users\hongquan\Documents\GitHub\agri-crop-classification\agri-crop-classification-main\data\Agricultural-crops\Pearl_millet(bajra)\image (52).jpg,Pearl_millet(bajra)
c:\Users\hongquan\Documents\GitHub\agri-crop-classification\agri-crop-classification-main\data\Agricultural-crops\papaya\image (21).jpg,papaya
c:\Users\hongquan\Documents\GitHub\agri-crop-classification\agri-crop-classification-main\data\Agricultural-crops\rice\image (4).jpeg,rice
c:\Users\hongquan\Documents\GitHub\agri-crop-classification\agri-crop-classification-main\data\Agricultural-crops\coconut\image (7).jpeg,coconut
c:\Users\hongquan\Documents\GitHub\agri-crop-classification\agri-crop-classification-main\data\Agricultural-crops\soyabean\imaage (7).jpeg,soyabean
c:\Users\hongquan\Documents\GitHub\agri-crop-classification\agri-crop-classification-main\data\Agricultural-crops\pineapple\image (22).jpg,pineapple
c:\Users\hongquan\Documents\GitHub\agri-crop-classification\agri-crop-classification-main\data\Agricultural-crops\cotton\image (11).jpg,cotton
c:\Users\hongquan\Documents\GitHub\agri-crop-classification\agri-crop-classification-main\data\Agricultural-crops\Coffee-plant\images50.jpg,Coffee-plant
c:\Users\hongquan\Documents\GitHub\agri-crop-classification\agri-crop-classification-main\data\Agricultural-crops\papaya\image (7).jpg,papaya
c:\Users\hongquan\Documents\GitHub\agri-crop-classification\agri-crop-classification-main\data\Agricultural-crops\gram\image (14).jpg,gram
c:\Users\hongquan\Documents\GitHub\agri-crop-classification\agri-crop-classification-main\data\Agricultural-crops\jute\image (15).jpg,jute
c:\Users\hongquan\Documents\GitHub\agri-crop-classification\agri-crop-classification-main\data\Agricultural-crops\soyabean\imaage (16).jpg,soyabean
c:\Users\hongquan\Documents\GitHub\agri-crop-classification\agri-crop-classification-main\data\Agricultural-crops\gram\image (3).jpg,gram
c:\Users\hongquan\Documents\GitHub\agri-crop-classification\agri-crop-classification-main\data\Agricultural-crops\chilli\image22.jpeg,chilli
c:\Users\hongquan\Documents\GitHub\agri-crop-classification\agri-crop-classification-main\data\Agricultural-crops\coconut\image (12).jpg,coconut
c:\Users\hongquan\Documents\GitHub\agri-crop-classification\agri-crop-classification-main\data\Agricultural-crops\wheat\image (33).jpg,wheat
c:\Users\hongquan\Documents\GitHub\agri-crop-classification\agri-crop-classification-main\data\Agricultural-crops\cotton\image (30).jpg,cotton
c:\Users\hongquan\Documents\GitHub\agri-crop-classification\agri-crop-classification-main\data\Agricultural-crops\rice\image (12).jpg,rice
c:\Users\hongquan\Documents\GitHub\agri-crop-classification\agri-crop-classification-main\data\Agricultural-crops\papaya\image (20).jpg,papaya
c:\Users\hongquan\Documents\GitHub\agri-crop-classification\agri-crop-classification-main\data\Agricultural-crops\vigna-radiati(Mung)\image (1).jpeg,vigna-radiati(Mung)
c:\Users\hongquan\Documents\GitHub\agri-crop-classification\agri-crop-classification-main\data\Agricultural-crops\Lemon\images21.jpg,Lemon
c:\Users\hongquan\Documents\GitHub\agri-crop-classification\agri-crop-classification-main\data\Agricultural-crops\banana\image (18).jpg,banana
c:\Users\hongquan\Documents\GitHub\agri-crop-classification\agri-crop-classification-main\data\Agricultural-crops\cotton\image (1).jpeg,cotton
c:\Users\hongquan\Documents\GitHub\agri-crop-classification\agri-crop-classification-main\data\Agricultural-crops\almond\image (4).jpg,almond
c:\Users\hongquan\Documents\GitHub\agri-crop-classification\agri-crop-classification-main\data\Agricultural-crops\cardamom\image (8).jpeg,cardamom
c:\Users\hongquan\Documents\GitHub\agri-crop-classification\agri-crop-classification-main\data\Agricultural-crops\Pearl_millet(bajra)\image (95).jpg,Pearl_millet(bajra)
c:\Users\hongquan\Documents\GitHub\agri-crop-classification\agri-crop-classification-main\data\Agricultural-crops\Olive-tree\image (8).jpg,Olive-tree
c:\Users\hongquan\Documents\GitHub\agri-crop-classification\agri-crop-classification-main\data\Agricultural-crops\sunflower\image (20).jpg,sunflower
c:\Users\hongquan\Documents\GitHub\agri-crop-classification\agri-crop-classification-main\data\Agricultural-crops\mustard-oil\image (2).png,mustard-oil
c:\Users\hongquan\Documents\GitHub\agri-crop-classification\agri-crop-classification-main\data\Agricultural-crops\maize\image (18).jpg,maize
c:\Users\hongquan\Documents\GitHub\agri-crop-classification\agri-crop-classification-main\data\Agricultural-crops\chilli\image28.jpeg,chilli
c:\Users\hongquan\Documents\GitHub\agri-crop-classification\agri-crop-classification-main\data\Agricultural-crops\banana\image (15).jpg,banana
c:\Users\hongquan\Documents\GitHub\agri-crop-classification\agri-crop-classification-main\data\Agricultural-crops\Pearl_millet(bajra)\image (57).jpg,Pearl_millet(bajra)
c:\Users\hongquan\Documents\GitHub\agri-crop-classification\agri-crop-classification-main\data\Agricultural-crops\almond\image (11).jpg,almond
c:\Users\hongquan\Documents\GitHub\agri-crop-classification\agri-crop-classification-main\data\Agricultural-crops\wheat\image (46).jpg,wheat
c:\Users\hongquan\Documents\GitHub\agri-crop-classification\agri-crop-classification-main\data\Agricultural-crops\jowar\image (10).jpg,jowar
c:\Users\hongquan\Documents\GitHub\agri-crop-classification\agri-crop-classification-main\data\Agricultural-crops\maize\image (6).jpeg,maize
c:\Users\hongquan\Documents\GitHub\agri-crop-classification\agri-crop-classification-main\data\Agricultural-crops\tomato\image (6).jpg,tomato
c:\Users\hongquan\Documents\GitHub\agri-crop-classification\agri-crop-classification-main\data\Agricultural-crops\jute\image (4).jpeg,jute
c:\Users\hongquan\Documents\GitHub\agri-crop-classification\agri-crop-classification-main\data\Agricultural-crops\Cucumber\image (7).jpg,Cucumber
c:\Users\hongquan\Documents\GitHub\agri-crop-classification\agri-crop-classification-main\data\Agricultural-crops\cardamom\image (4).jpg,cardamom
c:\Users\hongquan\Documents\GitHub\agri-crop-classification\agri-crop-classification-main\data\Agricultural-crops\vigna-radiati(Mung)\image (28).jpg,vigna-radiati(Mung)
c:\Users\hongquan\Documents\GitHub\agri-crop-classification\agri-crop-classification-main\data\Agricultural-crops\gram\image (6).jpg,gram
c:\Users\hongquan\Documents\GitHub\agri-crop-classification\agri-crop-classification-main\data\Agricultural-crops\Cucumber\image (17).jpg,Cucumber
c:\Users\hongquan\Documents\GitHub\agri-crop-classification\agri-crop-classification-main\data\Agricultural-crops\Pearl_millet(bajra)\image (3).jpeg,Pearl_millet(bajra)
c:\Users\hongquan\Documents\GitHub\agri-crop-classification\agri-crop-classification-main\data\Agricultural-crops\vigna-radiati(Mung)\image (1).jpg,vigna-radiati(Mung)
c:\Users\hongquan\Documents\GitHub\agri-crop-classification\agri-crop-classification-main\data\Agricultural-crops\Fox_nut(Makhana)\image20.jpeg,Fox_nut(Makhana)
c:\Users\hongquan\Documents\GitHub\agri-crop-classification\agri-crop-classification-main\data\Agricultural-crops\tea\image9.jpeg,tea
c:\Users\hongquan\Documents\GitHub\agri-crop-classification\agri-crop-classification-main\data\Agricultural-crops\coconut\image (27).jpg,coconut
c:\Users\hongquan\Documents\GitHub\agri-crop-classification\agri-crop-classification-main\data\Agricultural-crops\jowar\image (7).jpeg,jowar
c:\Users\hongquan\Documents\GitHub\agri-crop-classification\agri-crop-classification-main\data\Agricultural-crops\Lemon\image23.jpeg,Lemon
c:\Users\hongquan\Documents\GitHub\agri-crop-classification\agri-crop-classification-main\data\Agricultural-crops\sugarcane\image (5).jpg,sugarcane
c:\Users\hongquan\Documents\GitHub\agri-crop-classification\agri-crop-classification-main\data\Agricultural-crops\tomato\image (10).jpg,tomato
c:\Users\hongquan\Documents\GitHub\agri-crop-classification\agri-crop-classification-main\data\Agricultural-crops\mustard-oil\image (13).jpg,mustard-oil
c:\Users\hongquan\Documents\GitHub\agri-crop-classification\agri-crop-classification-main\data\Agricultural-crops\sugarcane\image (6).jpeg,sugarcane
c:\Users\hongquan\Documents\GitHub\agri-crop-classification\agri-crop-classification-main\data\Agricultural-crops\Tobacco-plant\images17.jpg,Tobacco-plant
c:\Users\hongquan\Documents\GitHub\agri-crop-classification\agri-crop-classification-main\data\Agricultural-crops\sunflower\image (10).jpg,sunflower
c:\Users\hongquan\Documents\GitHub\agri-crop-classification\agri-crop-classification-main\data\Agricultural-crops\cardamom\image (8).jpg,cardamom
c:\Users\hongquan\Documents\GitHub\agri-crop-classification\agri-crop-classification-main\data\Agricultural-crops\maize\image (4).jpeg,maize
c:\Users\hongquan\Documents\GitHub\agri-crop-classification\agri-crop-classification-main\data\Agricultural-crops\Cucumber\image (3).jpg,Cucumber
c:\Users\hongquan\Documents\GitHub\agri-crop-classification\agri-crop-classification-main\data\Agricultural-crops\maize\image (21).jpg,maize
c:\Users\hongquan\Documents\GitHub\agri-crop-classification\agri-crop-classification-main\data\Agricultural-crops\Cherry\image15.jpeg,Cherry
c:\Users\hongquan\Documents\GitHub\agri-crop-classification\agri-crop-classification-main\data\Agricultural-crops\wheat\image (41).jpg,wheat
c:\Users\hongquan\Documents\GitHub\agri-crop-classification\agri-crop-classification-main\data\Agricultural-crops\tea\image19.jpeg,tea
c:\Users\hongquan\Documents\GitHub\agri-crop-classification\agri-crop-classification-main\data\Agricultural-crops\mustard-oil\image (6).jpg,mustard-oil
c:\Users\hongquan\Documents\GitHub\agri-crop-classification\agri-crop-classification-main\data\Agricultural-crops\papaya\image (16).jpg,papaya
c:\Users\hongquan\Documents\GitHub\agri-crop-classification\agri-crop-classification-main\data\Agricultural-crops\maize\image (8).jpeg,maize
c:\Users\hongquan\Documents\GitHub\agri-crop-classification\agri-crop-classification-main\data\Agricultural-crops\Cherry\images9.jpg,Cherry
c:\Users\hongquan\Documents\GitHub\agri-crop-classification\agri-crop-classification-main\data\Agricultural-crops\Tobacco-plant\images10.jpg,Tobacco-plant
c:\Users\hongquan\Documents\GitHub\agri-crop-classification\agri-crop-classification-main\data\Agricultural-crops\jowar\image (15).jpg,jowar
c:\Users\hongquan\Documents\GitHub\agri-crop-classification\agri-crop-classification-main\data\Agricultural-crops\banana\image (13).jpg,banana
c:\Users\hongquan\Documents\GitHub\agri-crop-classification\agri-crop-classification-main\data\Agricultural-crops\sugarcane\image (21).jpg,sugarcane
c:\Users\hongquan\Documents\GitHub\agri-crop-classification\agri-crop-classification-main\data\Agricultural-crops\wheat\image (29).jpg,wheat
c:\Users\hongquan\Documents\GitHub\agri-crop-classification\agri-crop-classification-main\data\Agricultural-crops\cardamom\image (3).jpeg,cardamom
c:\Users\hongquan\Documents\GitHub\agri-crop-classification\agri-crop-classification-main\data\Agricultural-crops\pineapple\image (18).jpg,pineapple
c:\Users\hongquan\Documents\GitHub\agri-crop-classification\agri-crop-classification-main\data\Agricultural-crops\Lemon\image5.jpeg,Lemon
c:\Users\hongquan\Documents\GitHub\agri-crop-classification\agri-crop-classification-main\data\Agricultural-crops\Fox_nut(Makhana)\image28.jpeg,Fox_nut(Makhana)
c:\Users\hongquan\Documents\GitHub\agri-crop-classification\agri-crop-classification-main\data\Agricultural-crops\tea\image24.jpeg,tea
c:\Users\hongquan\Documents\GitHub\agri-crop-classification\agri-crop-classification-main\data\Agricultural-crops\Cucumber\image (2).jpg,Cucumber
c:\Users\hongquan\Documents\GitHub\agri-crop-classification\agri-crop-classification-main\data\Agricultural-crops\gram\image (7).jpeg,gram
c:\Users\hongquan\Documents\GitHub\agri-crop-classification\agri-crop-classification-main\data\Agricultural-crops\Fox_nut(Makhana)\image22.jpeg,Fox_nut(Makhana)
c:\Users\hongquan\Documents\GitHub\agri-crop-classification\agri-crop-classification-main\data\Agricultural-crops\gram\image (5).jpg,gram
c:\Users\hongquan\Documents\GitHub\agri-crop-classification\agri-crop-classification-main\data\Agricultural-crops\mustard-oil\image (5).jpg,mustard-oil
c:\Users\hongquan\Documents\GitHub\agri-crop-classification\agri-crop-classification-main\data\Agricultural-crops\almond\image (10).jpg,almond
c:\Users\hongquan\Documents\GitHub\agri-crop-classification\agri-crop-classification-main\data\Agricultural-crops\jowar\image (19).jpg,jowar
c:\Users\hongquan\Documents\GitHub\agri-crop-classification\agri-crop-classification-main\data\Agricultural-crops\Lemon\image20.jpeg,Lemon
c:\Users\hongquan\Documents\GitHub\agri-crop-classification\agri-crop-classification-main\data\Agricultural-crops\Tobacco-plant\images15.jpg,Tobacco-plant
c:\Users\hongquan\Documents\GitHub\agri-crop-classification\agri-crop-classification-main\data\Agricultural-crops\soyabean\imaage (9).jpg,soyabean
c:\Users\hongquan\Documents\GitHub\agri-crop-classification\agri-crop-classification-main\data\Agricultural-crops\cardamom\image (5).jpg,cardamom
c:\Users\hongquan\Documents\GitHub\agri-crop-classification\agri-crop-classification-main\data\Agricultural-crops\gram\image (9).jpg,gram
c:\Users\hongquan\Documents\GitHub\agri-crop-classification\agri-crop-classification-main\data\Agricultural-crops\wheat\image (44).jpg,wheat
c:\Users\hongquan\Documents\GitHub\agri-crop-classification\agri-crop-classification-main\data\Agricultural-crops\soyabean\imaage (4).jpg,soyabean
c:\Users\hongquan\Documents\GitHub\agri-crop-classification\agri-crop-classification-main\data\Agricultural-crops\cotton\image (27).jpg,cotton
c:\Users\hongquan\Documents\GitHub\agri-crop-classification\agri-crop-classification-main\data\Agricultural-crops\Cherry\images21.jpg,Cherry
c:\Users\hongquan\Documents\GitHub\agri-crop-classification\agri-crop-classification-main\data\Agricultural-crops\vigna-radiati(Mung)\image (6).jpg,vigna-radiati(Mung)
c:\Users\hongquan\Documents\GitHub\agri-crop-classification\agri-crop-classification-main\data\Agricultural-crops\chilli\image13.jpeg,chilli
c:\Users\hongquan\Documents\GitHub\agri-crop-classification\agri-crop-classification-main\data\Agricultural-crops\tea\image5.jpeg,tea
c:\Users\hongquan\Documents\GitHub\agri-crop-classification\agri-crop-classification-main\data\Agricultural-crops\vigna-radiati(Mung)\image (22).jpg,vigna-radiati(Mung)
c:\Users\hongquan\Documents\GitHub\agri-crop-classification\agri-crop-classification-main\data\Agricultural-crops\Tobacco-plant\image10.jpeg,Tobacco-plant
c:\Users\hongquan\Documents\GitHub\agri-crop-classification\agri-crop-classification-main\data\Agricultural-crops\Cucumber\image (15).jpg,Cucumber
c:\Users\hongquan\Documents\GitHub\agri-crop-classification\agri-crop-classification-main\data\Agricultural-crops\sugarcane\image (3).jpg,sugarcane
c:\Users\hongquan\Documents\GitHub\agri-crop-classification\agri-crop-classification-main\data\Agricultural-crops\Cherry\images11.jpg,Cherry
c:\Users\hongquan\Documents\GitHub\agri-crop-classification\agri-crop-classification-main\data\Agricultural-crops\clove\images28.jpg,clove
c:\Users\hongquan\Documents\GitHub\agri-crop-classification\agri-crop-classification-main\data\Agricultural-crops\Fox_nut(Makhana)\images9.jpg,Fox_nut(Makhana)
c:\Users\hongquan\Documents\GitHub\agri-crop-classification\agri-crop-classification-main\data\Agricultural-crops\tomato\image (7).jpeg,tomato
c:\Users\hongquan\Documents\GitHub\agri-crop-classification\agri-crop-classification-main\data\Agricultural-crops\almond\image (6).jpg,almond
c:\Users\hongquan\Documents\GitHub\agri-crop-classification\agri-crop-classification-main\data\Agricultural-crops\sugarcane\image (5).jpeg,sugarcane
c:\Users\hongquan\Documents\GitHub\agri-crop-classification\agri-crop-classification-main\data\Agricultural-crops\Lemon\image19.jpeg,Lemon
c:\Users\hongquan\Documents\GitHub\agri-crop-classification\agri-crop-classification-main\data\Agricultural-crops\banana\image (1).png,banana
c:\Users\hongquan\Documents\GitHub\agri-crop-classification\agri-crop-classification-main\data\Agricultural-crops\vigna-radiati(Mung)\image (20).jpg,vigna-radiati(Mung)
c:\Users\hongquan\Documents\GitHub\agri-crop-classification\agri-crop-classification-main\data\Agricultural-crops\Tobacco-plant\image7.jpeg,Tobacco-plant
c:\Users\hongquan\Documents\GitHub\agri-crop-classification\agri-crop-classification-main\data\Agricultural-crops\cotton\image (2).jpg,cotton
c:\Users\hongquan\Documents\GitHub\agri-crop-classification\agri-crop-classification-main\data\Agricultural-crops\Pearl_millet(bajra)\image (61).jpg,Pearl_millet(bajra)
c:\Users\hongquan\Documents\GitHub\agri-crop-classification\agri-crop-classification-main\data\Agricultural-crops\Olive-tree\image (17).jpg,Olive-tree
c:\Users\hongquan\Documents\GitHub\agri-crop-classification\agri-crop-classification-main\data\Agricultural-crops\gram\image (8).jpeg,gram
c:\Users\hongquan\Documents\GitHub\agri-crop-classification\agri-crop-classification-main\data\Agricultural-crops\mustard-oil\image (7).jpeg,mustard-oil
c:\Users\hongquan\Documents\GitHub\agri-crop-classification\agri-crop-classification-main\data\Agricultural-crops\jute\image (10).jpg,jute
c:\Users\hongquan\Documents\GitHub\agri-crop-classification\agri-crop-classification-main\data\Agricultural-crops\cotton\image (19).jpg,cotton
c:\Users\hongquan\Documents\GitHub\agri-crop-classification\agri-crop-classification-main\data\Agricultural-crops\Tobacco-plant\images8.jpg,Tobacco-plant
c:\Users\hongquan\Documents\GitHub\agri-crop-classification\agri-crop-classification-main\data\Agricultural-crops\Cherry\image25.jpeg,Cherry
c:\Users\hongquan\Documents\GitHub\agri-crop-classification\agri-crop-classification-main\data\Agricultural-crops\Coffee-plant\images40.jpg,Coffee-plant
c:\Users\hongquan\Documents\GitHub\agri-crop-classification\agri-crop-classification-main\data\Agricultural-crops\jute\image (9).jpg,jute
c:\Users\hongquan\Documents\GitHub\agri-crop-classification\agri-crop-classification-main\data\Agricultural-crops\Pearl_millet(bajra)\image (19).jpg,Pearl_millet(bajra)
c:\Users\hongquan\Documents\GitHub\agri-crop-classification\agri-crop-classification-main\data\Agricultural-crops\soyabean\imaage (31).jpg,soyabean
c:\Users\hongquan\Documents\GitHub\agri-crop-classification\agri-crop-classification-main\data\Agricultural-crops\Coffee-plant\images8.jpg,Coffee-plant
c:\Users\hongquan\Documents\GitHub\agri-crop-classification\agri-crop-classification-main\data\Agricultural-crops\wheat\image (50).jpg,wheat
c:\Users\hongquan\Documents\GitHub\agri-crop-classification\agri-crop-classification-main\data\Agricultural-crops\wheat\image (39).jpg,wheat
c:\Users\hongquan\Documents\GitHub\agri-crop-classification\agri-crop-classification-main\data\Agricultural-crops\banana\image (8).jpg,banana
c:\Users\hongquan\Documents\GitHub\agri-crop-classification\agri-crop-classification-main\data\Agricultural-crops\banana\image (11).jpg,banana
c:\Users\hongquan\Documents\GitHub\agri-crop-classification\agri-crop-classification-main\data\Agricultural-crops\jowar\image (3).jpg,jowar
c:\Users\hongquan\Documents\GitHub\agri-crop-classification\agri-crop-classification-main\data\Agricultural-crops\Tobacco-plant\image20.jpeg,Tobacco-plant
